pdb,atom num,type,upstream seq,downstream seq
1cuk,A14,trans,vlp,qke
1cuk,A15,trans,lvl,pqk
1cuk,A31,trans,ctm,mhv
1cuk,A39,trans,gae,ley
1cuk,A83,trans,alk,gvg
1cuk,A114,trans,gig,lkv
1cuk,A142,trans,ddt,tfl
1cuk,A174,trans,aeq,kyg
1cuk,A187,trans,sad,rai

2h03,A1682,trans,iki,cst
2h03,A1725,trans,rne,lla
2h03,A1738,trans,ady,lin
2h03,A1764,trans,nng,iys
2h03,A1778,trans,gpl,gqt
2h03,A1780,trans,ktg,lpg
2h03,A1817,trans,qda,wyh
2h03,A1839,trans,twe,lvs
2h03,A1869,trans,ghd,wvt
2h03,A1874,trans,tte,vgh
2h03,A1895,trans,gag,srn
2h03,A1899,trans,vvt,gag

2wek,A43,trans,rfn,slr
2wek,A56,trans,lpv,cdr
2wek,A58,trans,gpl,vpc
2wek,A60,trans,gdg,lpv
2wek,A88,trans,kvs,dyr
2wek,A92,trans,dfp,kvs
2wek,A93,trans,idf,pkv
2wek,A126,trans,fsg,amy
2wek,A136,trans,isa,vvt
2wek,A142,trans,spv,tai
2wek,A144,trans,kvs,vpt
2wek,A148,trans,lye,kvs
2wek,A221,trans,yni,rdc
2wek,A228,trans,tgv,etk
2wek,A238,trans,vge,yeq
2wek,A278,trans,lgt,tqy
2wek,A283,trans,akv,slg
2wek,A290,trans,lka,ltg
2wek,A339,trans,rge,sld
2wek,A370,trans,mmh,lev
2wek,B43,trans,rfn,slr
2wek,B56,trans,lpv,cdr
2wek,B58,trans,gpl,vpc
2wek,B60,trans,gdg,lpv
2wek,B88,trans,kvs,dyr
2wek,B92,trans,dfp,kvs
2wek,B93,trans,idf,pkv
2wek,B126,trans,fsg,amy
2wek,B136,trans,isa,vvt
2wek,B142,trans,spv,tai
2wek,B144,trans,kvs,vpt
2wek,B148,trans,lye,kvs
2wek,B221,trans,yni,rdc
2wek,B228,trans,tgv,etk
2wek,B238,trans,vge,yeq
2wek,B278,trans,lgt,tqy
2wek,B283,trans,akv,slg
2wek,B290,trans,lka,ltg
2wek,B339,trans,rge,sld
2wek,B370,trans,,lev

